0;"Seite 4 ,

‘rath. Wda Cardia, Todter unjeres Broz
feljors &§. Cardia in Porto WAlegre, odie
Hier bet ihren Verwandten weilte, wurde
portugicjijd) untervidtet und fonjirmiert.
Gebe Gott, dak jie alle bet der erfannien
Wahrheit bleiben und ihr Konjfirmations-
ver}predjen Halter.

Sn Gan Leopoldo werden folgende
Kinder fiir die Konjirmatton vovrberet-
fet, die am 25. Dezember jtattfinden foll:
Ndolf Caljel, Ridard Merfer, Hugo Bauer-
mann und Vera Kruje. WWegen des Un-
ferridjtes und der Sonfivmation werden
Die Kinder diesmal feine Ninderjeter 3u
Weihnadten veranjtalten.

Gs ei darauf hingewiejen, dab alle
firhliden Beit)driften (Kirdenblatt,
Waltherligabote, Ntenjageiro Lutherano,
Rinderblatt und SKonfordianer) voraus-
subezahlen find. €s wird daher gebeten,
dak alle Leler diejer Blatter diejelben bis
jpdteltens Ende Mtirz bezahlen moddten.
“Es wird dringend gebeten, die nod) nit
fiir 1936 bezahlten Beitidrijten baldig}t 3u
begleiden.

 —- Wlfen Gliedern unferer Gemeinde fei
Hiermit 3ur Kenntinis gebradt, daB in der
— erften Mummer des ,, Gemeindeboten” nad:
jtes SSahr eine Lijte aller Beitrage
verodffentlidt wird. Wile nod) mit Zable
ungen fid) im Riidjtande Befinoliden mi-
gen daber zujehen, dak jie bis zum 31. De-
zember das Berjaumte nadbholen. Die
Glieder der Gemeinden 3u Ytovo Ham-
burgo und Campo Bom find gebeten, ihre
Zeidnungstarten fiir 1937 bis jpa-
teltens anfangs Sjanuar auszufiillen, damit
wit wijjen, um wieviel Unter|tiigung wir
unjere liebe Gynode wieder angehen miifjen
Seder moge dod) nad) allen Krafien und
PBermodgen zeidnen, die Reitden viel, die
Armen joviel in ihren Kraften jtebt.

Der Gemeindebote —

Jir. 3

 

nt Campo Bom ijt bie dortige Gee

meindejdule, welder Lehrer F. Ott vor-
‘Jtebt, bereits auf 28 Kinder Herangewadjen.

Su Weihnadten (am 24. Dezember abends)
werden die Sdulfinder eine Wethnadtsfeier
veranjtalten. — Wud) hier haben wir Lehr
bejpredungen begonnen. Cs mup leider
gejagt werden, dak einige Oltener jid) nidt
daran beteiligen, wie auc) der Oottesdien)t-
bejud) zu wiin)den brig [apt , Wer von
Gott ijt, der Hdret Wottes Wort!""

Da im Sebruar fic) wieder unjere Wal-
therliga verjammelt, Jo Jind die Glieder

DES Sugendvereins dabei, fic) fiir die Dann

jiattjindenden Wett}piele vorzubereiten. Cs
i}t Dod) jehr bedauerlicd, dab nidt alle jun-
gen Leute unjerer Gemeinde lich an den Ver-
Jammlungen des <Sugendvereins beteiligen.

Da unjere Synodalverjammlung
Diesmal in orto Wlegre, aljo ganz in der
Nahe, jtattfindet, jo haben die Glieder un-
Jerer Gemeinden Gelegenheit, als Oajte der
Verjammlung beizuwohnen. Die Berjaiim-
lung tagt vom 24.— 30. Januar. Wer
daran teilnehmen will, der midge fic) bei
Dem ‘Pajtor melden. | |

Laut Gemeindebe/dlup jollen fortan nur
die Kinder unjerer Gemeinde mit Weih-
nadjisge)denten bedadt werden. Die Gamm-
lung fiir YWethnadten, die voraushidtlicd

rund 150% betragen wird, joll daher aus-

JhlieBlid) fiir die Belderung der Kin-
Der Der Hemeinde verwandt werden:

Seder wahre Chrijt zeigt Snterejje fiir
jeine Kirdhe. Er nimmt teil an Freud und
Leid jeiner Glaubensgenojjen. Daher lielt
er eine firdlide Seitidhrift, die ihn auf dem
Laujenden erhalt. Wer von den lieben
Gemeindegliedern der bisher nod nidt Lez
Jer des , KRirdenblattes ijt, moddte das-
Jelbe bejiellen mit dem Beginn des neuen
Sahres? &s fojtet jahrlid) nur 6$000.

Herausgeqeben von Paftor €. H. Warth, Wovo Hamburgo.
Druk: Hans Behrend, Movo Hamburgo. —
";tesseract;0;2024-09-24 01:29:10.255180;2024-09-24 01:29:10.255183
1;"7 Det Gemeindebote

Seite 3

 

ber, 8 Uhr, im Gaale des Gejangvereins
» Bruderbund"" geben. Diejer Whend ver-
—\pricht ein Genuk 3u werden, da fJehr feine
Jiummern auf dem Programm liehen. Bee
Jonders Jet auf die ,, 3illertaler” Hingewie-
jen, die in edhter Tiroler Kleidung mit den
Herrliden Tiroler Liedern auftreten werden.
wir dieje Unterhaltung jollen Programme

gedrudt und von den Srauen Cintritisfarten -

im BVoraus verfauft werden. Der Cintritt
betragt fiir Erwadjene 25, fiir Kinder 15.
Wud das Blasorde}ter der Studenten une
Jeres Geminars, das unter der Leitung
Herrn Proj. Rehfeldts jteht, hat jein Nom-
men 3ugejagi. — Die Unterbringung der
auswartigen Oajie macht einige Sdwierig-
Teiten, bejonders, wenn jid) diejelben fdjon
aint Samstag Jehr zahlreid) einjtellen. Bis-
her jimbd fiir 45 Leute Quartiere vorhanden.
Sollie nod jemand Wajte aujnehmen fon-
nen, der midge jid) bis \pateltens 3um 3.
September beim Bajtor melden. — Wm
Sonntagmorgen um 9 Uhr wird der Felt-
gotiesdien|t jtaitfinden, tn weldem ‘Prof.
Kebhfelot die Feltpredigt Halten wird. Der
Oottesdienjt wird verjdint durd) Gejdnge
der Chore von unjerer Gemeinde, von orto
YWlegre und Dots Srmacs. Cs wird ers
wartet, dak jid) die Gemeinde zum Oottes-
Dienjt volkzahlig etnjtellt. —- Wm Gonntag-

mittag wird es auf dem Wemeindegrund- |

tii fiir alle SpieBbraten geben. Cs wer-
Den alten Oliedern nod Lijten zur Fretwil-
Tijen SZeidnung fiir den GpieBbraten vor-
gelegt mit Ungabe, wieviele jic) am Ejjen
beteiligen werden. Wud) auf dem Fejtplag
werden nod) freiwillige Gaben dafiir ent:
gegengenommen. lle Frauen der Gemeinde
werden gebeten, aud) Kuden oder belegtes
Brot fiir den Vtadmittagsfaffee, der aud)
fiix alle fret ijt, mitzubringen. %iir C}jen
und Trinfen wird aljo bejtens gejorgt jen.
— Am Iadmittag wird der Frauenverein
jeine Wushtellung aller Handarbeiten und
_Jonjtigen Gejdente, die von den Gemeinde-
gliedern geftijtet wurden, erdffnen und die-
“Jelben verfaufen. lle Ginnahmen gehen
in Die Ralje des Frauenvereins und jollen

zum grdpien Leil zur Sduldentilgung une

-einiger Glieder jekt nod) 27 Kinder.

jerer Gemeinde verwandt werden. Es find
alle Gemeindeglieder im Ieamen des Frauen-
vereins Herglicdjt gebeten, dod alle Ge-
Jdhenfe 3u geben, dite Dann von den Wn
wejenden aud) wieder gefauft werden. Es —
witd Daher gebeten, jolde Gegenjtande 3u
itiften, Die jeder im Haushalt gut gebrau-
chen fann.
Bejten unferer Gemeinde! Ber wollte jid)
da Hinten finden laljen oder jid) gar zuriid-
aiehen? Ctwas fann aud der Wrmfte geben.
Wukerdem wird nocd ein PBreis\dhieken mit
einem 9 Bokengewehr veranitaltet, wofiir
done PBretje ausgejebt jind. Wud fann
um ‘Bretje gefegelt merden. Wud) ein
 wstaulwurf wird zu jehen jein. Da mag
man jeine SKunjt im Werjen verjuden.
ir die Kleinen wird aud) ein ,, Wilchteid”
vorhanden jein, wo man fiir einige Iticel
allerliebjte Gaden fijden fann. Go wird
o fiir allerhand Unterhaltung gejorgt
fein. Dazgwi}den wird das Blasordefter
jeine Weijen ertinen lajjen. — Cs Joll ja

‘jiiv jedes Wemeindeglied jelbjtverjtandlid)

Jein, mit Familie 3u erjdeinen. — Wlfo,
fommt alle zum Gtiftungsfejt des Frauen-
vereins! Bringt aud) Cure Hreunde und
Betannte mit! Sedermann tt Herglid will
fommen gebetben. — Hoffentitd gibt uns
der liebe Gott aud) gutes Wetter, damit
lid) Das Felt wunjdgemak abwideln fann

 

 

 

Unfere Gemeinde|dule. |

Unjere Sdule Hat an Sdhiilerzahl etwas
abgenommen. Ste 3ablt infolge WWegq3ug

Oil. Leotadia Sdiiler, die 1*/, Sahre lang
Nushilfsdienjte in der Schule geleijtet Hat,

Jeit dem 1. Sult eigenem Wun gemak

nidjt mehr dient, fo Hilft ote Grau ajtor
tiiglid) eine Stunde lang aus. Bri. Wlmira

Opik Hat den Turnuntervidt wieder iiber-

nominen und gibt jeden Donnerstag nad)-
mittags rad) der Sdule eine Stunde Un-
tervidt im Turnen. Da einige Cltern ihre
Kinder nadmittags nidt zur Sdhule dit
fen, jo fonnen ou ant dem D ndtigen

Man bedenkfe, es gehi zum

Soe
";tesseract;1;2024-09-24 01:29:29.520983;2024-09-24 01:29:29.520986
2;"Der Gemeindebote |
| ‘Miteingsblatt fiir die evang.luth. Gemeinden 3u Yovo SOUS
- $40 Leopoldo und Campo Boitt

 Fahegang 2

Augult 1936

ir 2

Seitiprud.

Gib uns’ durd) Deines Geijtes Kraft,
heige Liebe, Se: .
Die Eintracht, Mut und Eijer jdafft,
Dak fich ein jeder iibe, ey
Sir fic) und andre ftets 3ugleicd)

Mach dem verheifnen Gottesreidh

Herr Selju,

 

du allerer|t 3u tradjten! ied 474, 4.

EOL OLE OL,

Laffet uns Gutes tun und nicht miide werden!"" Gal. 6,9

Sit Der erjien Bitte beten wir:
Gebheiliget werde dein Jame! Damit
bitten wir Wott, dab er uns verbhel-

jen mige 3u veiner Lehre und zu

einem Heiligen Leben und uns De
wabhren wolle vor faljder Lehre und
vor einem gottlojen Leben. Lehre
und Leben mup rect und dem lieben
®oit gefallig fein, joll der Jtame Got-
tes in Diejer Welt geheiligt und da-
mit Der liebe Gott jelbjt geehrt wer-
Den. Lehre und Leben mu iiber-
einjtimmen. GOlaube und Liebe muk

jid) bet einem jeden Chrijten finden.

Die Sdrift Jagt ja: ,, Laljet euer
Lit Teudhten vor den Leuten, DaB
jie eure guten Werte jehen und euren

Pater im Himmel preijen!“ Weatth.

5,16. Unjer Glaubenslidt joll ourd)
gute Werte in diejer Welt leudyten.

“IGRE JA EVANGE

 

 

CA LUTERANA 00 Si
Instituto Hisiorico

— MataaP oslo, Nt A hES.

Durh Wort und Lat follen wir
Chrijten unjer Chrijtentum in diejer
Welt beweijen, indem wir gute Werke
tun. Geldieht das aber immer?
Meiiffen wir nidt aud) als lutherijde
Chrijten Hagen, Dak unjer Leben oft
mit Der Lehre des Wortes Gottes,
Die wir Durd) Oottes Gnade rein. und
lauter haben, nidjt tibereinjtimmt? —
St nicht die Liebe auc) bet uns er:
faltet? Daher gilt aud) uns immer —

wieder die Mtahnung des Apojtels —
Paulus: , Lajjet uns Gutes tun und -

nidt miide werden!“

Unjer Chrijtenleben mup Dent
Herm geweiht fein. Die Crit
lagt: ,,Chrijtus ijt darum fiir fie
alle gejtorben, auf Dag Die, jo da
leben, Hhinfort nicht ihnen jelbjt leben,

ee Dem, Der fiir jie geltorben

 
  
";tesseract;2;2024-09-24 01:29:46.244275;2024-09-24 01:29:46.244278
3;"Seite 4

 

Her Gemeindebote

Nir. 1

 

25 attiven Wtitgliedern 3ujaminen.
Der Swe unjeres Berets it, un-
Jere Jugend bet der Kirche zu er-
alten, Bibeljtudium 3u tretben, mit-
auhelfen, gute Gemeindeglieder 3u
ervziehen und crijilide Gelelligheit 3u
pflegen. }
nidt alle fonfirmierten jungen Leute
unjerer Gt. Baulsgemeinde zu Itovo
Hamburgo Mitglieder diejes Vereins
Jind. %Wm 1. Sonntag tm Weonat
werden Gefdhaftsverjammlungen ab-
gehalten, am 2. Sonntag wird eine
Bibelleftion durdgenommen, oder 3.
Sonntag ijt der Spielfonntag und
der 4. Sonntag der Unterhaltungs-
Jonntag. Wibtes mal einen 5. Conn:
fag und haben wir dann }dones Wet-
ter, wird ein Wusflug gemadt. Ulle
Sugendvereinsglieder follten Lefer
unfjeres Sugendblattes, des ,, Walther:
ligaboten“ fein. Brajivent des <h4-
gendvereins iff Herr Robert Bruxel,
Sdriftfibrerin tt Frl. Veofadta Sdjit-
ler und SKajjiercrin ijt Frl. Wlmirva
Opik. Der Sugenodverein qedentt auc),
bald wieder einen Unterhaltungsabend
zu veranjialten.

Kleinere Wadhricjten.

Wm 2. Wpril ijt Pauline Maukhs,
Ehefrau des Herrn “Gorge Vtauhs,
des friiheren Vorjigkenden unjerer St.
aulsgemeinde, jelig im Olauben an
ihren Heiland ent}dhlafen. :

Sn unjerer St. Paulsgemeinde wird
nun ein Hrauenverein geqriindel
merden, HWiehrere Frauen haben |dhon
surge) agt,
moddte, wird gebeten, dies der Frau
Bajtor miuteilen.

Wer von den lieben Gemeinde-

 

 

 

Es ijt 3u bedauern, daR

Wer fich daran beteiligen |

 

gliedern bisher nod nidtjetne Ernte-
dDantfejigabe fir die armen Gtu-
Denten abgegeben hat, wird hiermit
Herzlid) gebeten, es dod) ja nod) 3u
tun. Unjere Gtudentenfafje bedarf
unjerer Hilfe. Wer wollte nidt gern
fiir Jold) einen quien Swed ein Opfer
bringei!?

Es jet darauf Hingewiejen, dap
unjere nadjte Gemeindeverjamm-
[ung in Jtovo Hamburgo am 6. OF
tober vormittags im Wnjdhlup an den
®ottesdien)|t um 9,30 jiattfindet. lle
Stimmberechtigten werden dringerd
gebeten, 3u erjdeinen.

Seder, Der bisher nocd nidi Lefer
unjeres , Kirdenblattes” ijt, Jollte
es {td dod) etnmal ernjtlic) iiberlegen,
ob er nicht ich dtejes gute Blatt bald-
modglichjt Dejtellen mbdte. Es erjcheint
armetmal tm Wonat und fojtet nur
6000. :

Wer nod) feinen Kirdhenzettel
fiir das 2. Halbjahr 1935 hat, mige
jid) beim SBajtor melden.

Wtonatlid) etnmal wird an einem
Sonntagabend eine Lehrbejpred:-
ung abgebhalien, wozu alle Gemeinde-
glieder Dejonders 3u einer gemiitlicden
YWuslprade iiber die Lehre eingeladen
werdelt. |

Sn Gao Leopoldo unterridtet
der PBajtor an den Mtittwodnadmit-
agen Die Doriigen Oemeindefinder in”
Deut}, Singen und Religion. Bis-
her jind 8 Sdjiiler erjdienen.

st Campo Bom wird monatlid
Den dort wohnenden Gliedern unje-
rer Wemeinde ein Wottesdienjt ge-
Halten. Leider fehlt uns dort ein
geeignetes Lofal.

 

Herausgegeben von Pajtor €. H. Warth, Novo Hamburgo.

6 Drudk: Hans Behrend, Novo Hamburgo.
";tesseract;3;2024-09-24 01:30:02.489847;2024-09-24 01:30:02.489850
4;"GCeite 2

wir dod) nie vergeffen, dak Gott feines eige-
nen Gobhnes nist verjchont, fondern ihn
jv uiS alle dabingegeben hat, auf dak alle
die an ihn glauben, nidjt verloven werden,
fondern dag emige Leben haben. ls CShriften
wollen wir dod) Oem DdDienen, der uns erldft
hat mit feinem heiligen teuren Glut, hter
zeitlidy) und einmal dort ewiglidh. Wir wollen
doch nicht mit unferem Dienen erft tn der
~GSeligfeit anfangen, fondern jdhow Hter in
der Beit. Gern und willig wollen wir dem
Heiland dienen in jeinent Reich,  ntdht mut
Unwillen oder Bwang. Lieber Lefer, meinft
Du nist auc) jo? Wobhlan, jo made mit
deinem Chriftentum Crnjt, Get ein ganger
—Chrift! Tue Deine Chriftenpflidhten  gariz,
nist nur halo! Set nicht trage, was du tun
follft!

Redenfe daher: C8 vertrdat fich nicht mit
Dem iwahren Chriftentum, nur jelten emimal
die Gottesdienfie gu bejuden. Sei fiets
auf Deinem Blak im Gotteshaufje, wenn
Gott Dich nidjt daran Hindert. 3 vertragt
‘fich nicht mit Deinem Cifer im Chriftentum,
wenn Du nicht gu den Gemeindeverjamm-
lungen fommft. Somme daher joojs Du
fannft 3u den Berfammlungen! C3 vertragt
fic) nicht mit dem wahren Chriftentum,
wenn Ou Deine Veitrage fiir die Erhaltung
Des heiliget Gredigtamtes faumfeltg und
unvegelmapiq gibft und wenn Du fiir da8
|“ Miffionswerk unferer Kirche eine Opfer dar-
bringen willjt, —
bas Ou tren und eifriq bijt in Deinem
Ehriftentum, fag Dich nicht durd) die Trag-

hett anderer entmutigen! Gude vtelmehr an

DOeinem Teil alles gu tun, dab eS in der

Gemeinde vorwartSgeht !

Unjer Srauenvereinsfeft.

Wegen der , Semana da Patria” haben
wit unjer granenvereinSfeft, das am 4,
September hatte jtattfinden follen, auf den
barauffolgenten Gonntag, aljo auf den 11.
Geptentber, verjdhoben.
tungSfeft diedmal aber recht einfad) gefetert
werten. €8 werden diesmal fetne Handar-
beiten verfauft werden. Aud) werrten Fetne

Der Gemeindebote

LiebeS Gemeindeglied, -

G3 joll bas Stife

‘fteht unter ihrer gejdidten Leitung.

Nr 8

jonftiget eranftaltungen getroffen aweds
Geldeinnahme. €3 joll ein Gemeindefeft wer-
Dent, bet welder Gelegenheit fid) die Ge-
metnde gu gemiitlihem Betjammenfein ver-
etnigen foll. Gormittags um 9 Uhr findet
seligottesdtenft ftatt, mwogzu jedermann herg- —
lid) eingeladen ijt. Um 11 Ubr findet dann
ein Madtogottesotenjt ftatt, oder Hter in der
Rive gehdrt werden fann. Alle Leute, dite
liber Mittag hier gu bleiben gedenfen, find
gehalten, jih das Gffen mutgubvingen. Wm
Nachmittag findet Das eft dann jetne Fort:
fepung. Unjer Sugendverein hat e8 fich itber-
nomimen, ein Unterhaltungsprogramm 3u
geben mit Dialogen, iedern, Dtufifjtiicten
und anderen Vortragen. Wile Frauen der
Gemeinde werden gebeten, Kuchen oder Brot
au ftiften fiir den Nadhmittagstaffee. Der=
felbe foll als Cinheitsprets fiir die Berjon
nur 19000 fojien. Wie Gemeindeglieder
werden Her3lid) gebeten, fid) in das , Gol-
Dene Bud“ deS Brauenvereins eingutragen
mit einer befonderen Gabe fiir die Gdul-
dentilqungsfaffe der Gemeinde. Da das eft
fonjt ja fetne oder dod nur geringe Wusla-
gen erfordert, wird eriwartet, dag Durd) Dteje
fretwillige Seidnung eime jhine Gumme
zufammenfommt, Der Franenvereti Hat vor,
Dieje Ltfte allen Gemeindegltedern, aljo aud)
jolden, Die etwa nicht aum Felt fommen
jollten, vorgulegen. €3 dary dvi) al8 jelbjt-
verftindlid) angenommen werden, dab fich
ba dod feiner metgern wird, eine bejonders
fetne SOpfergabe fiir Diejen nbtiqen Smet
gu geben. Wud) Frembde find gu dem Heft
willfonimen. Hoffen wir, dag das Wetter
gut fein wird (aud bet Regenwetter wird
gefeiert!) und dag alle trey der jdlechten
Beiten einen frohlichen Opferfinn mitbvingen.
Aljo, alle Gemeindeglteder auf zuri rauen-
vereinsfeft ant 11. Geptember tn ovo
Hamburgo! Keiner jollte feblen.

Unjere Schule.

CSeit Schulbeginn diejes Yahr fteht als
Hilfstehrerin Frl. Almira Opik dem Paftor
aur Seite, Gonderlic) der Turnunterridt
Die
";tesseract;4;2024-09-24 01:30:21.262137;2024-09-24 01:30:21.262139
5;"Seite 2

 

und auferjtanden tft.“ 2. Kor. 5, 15.
Wl unjer Leben, unjer Tun und Laj-
jen, muk im Dienjte unjeres Gottes
jiehen. Bei allem, was Chrijten tun
und beginnen, Fragen Jie jid): ,Gefallt
Das auc) meinem lieben Wott?” Got
— tes Wort it nen Regel und Ridt-
jhnur ihres Glaubens und Lebens.
Demgemap handeln fie. Cie brau-
Gen nit immer wieder ermahnt wer-
Den, Gutes 3u tun. Die Liebe Chrifti
treibt fie 3u guten Werfen. Sie ja
gen und denfen nidt: Was mup
ich tun?” Sie Fragen vielmebr: ,, Was
Rant id. tun?“ Gite werden aud)
nidt mide, Gutes zu tun. Gie tun
ihre guten Werke nidt mit Veurren,
Jondern mit Breuden. Gie find fic)
allezeit Dejjen Bewupt, dak alle letb-
Tidhen und geijiliden Giiter unver-
Diente Gejdente thres Wottes ind.
Wie Gott ihnen reichlid) und taglid
gibt, was ihnen fiir Beit und Cwig-
feit gut und ndtig ijt, Jo tun aud)

fie als Kinder Gettes an ihren Wtit-

menjden Gutes, wo und wann ie
fonnen. Bei ihrem Gutestun werden
jie aber nicht ftolz oder meinen gar,
Sich Den Himmel mit ren guteit
—s MerEen verdienen 3u fdnnen. Gie
—Jeufgen vielmebr: Das ijt mein
~GSedhmer3, das trdnfet mid, dak td
nidt gnug fann lieben Did) wie td)
Did) lieben Jollte!“ a
Gingedent dejjen, Dak jie zum Gu-
testun auf der Welt find, munteri
lid) die Chrijten gegenjeitig auf und
—fpredjen mit Dem Wpojtel: ,,Wls wir
Denn nun Bett haben, Jo lakt uns

meijt aber an des Glaubens Genofjen!“

Sen Gemeindebote |

mide werden!

tember Jiatt.

Ny, Fe

Gal. 9,10. Der liebe Gott gibt uns

reiclid) Gelegenheitt, Gutes zu tun.

Wir brauden Daher nidt zu fragen:
Wo fann td Gutes tun? Wieviel
Yrme und Votleidende legt uns der
liebe Gott gleidhjam vor unjere Litt,
an Denen wir Outes tun fdnnen!
Wud) wenn wir nist reid) gejegnet
find, fOnnen wir elfen, etwa durd)
unjere WUrbeit, Durd) einen guten Rat

oder aud) nur durd ein freundlides —
‘und teilnehmendes Wort. Not gibt

es immer in Der Welt, leiblicje und
geijtlide Not Die geijtlide Mot ijt
bie fdlimmjte. Daher follen wir
aud) bereit jein, Da vor allem 3u
Helfen. Wir Jollet aud) vor allem
aundd)t den Glaudensgeno}jen Helfer.
Unjere Gemeinde Hat viele Vediirf-
nijje, um bejtehen 3u fOrnen.  Unjere
Cynode hat ein grokes Wert 3u
treiben, um allen Wodlfern das reine
Gvangelium 3u Dbringen. Wile Gee
meindeglieder jollen Daher berett Jein,
Opfer zu bringen fiir die Erhaltung
und Wusbreitung des Retches Oottes.
Sa, lajjet uns Gutes tun und nidt

Das Stiftungsjeft —
unjeres Srauenvereins

findet, wills Gott, am 12. und 13. Gep-
Gs Joll in bejonderer und
angemejjener Weije gefeiert werden. Die
notigen Borbereitungen dazu werden gee
troffen. Wn die Gemeinden zu Porto Ule-

gre und Dois Srmaos jind Cinladungen
ergangen. Die SSugendvereine zu Itovo
Hamburgo, Porto ilegre und Dois Srmaos
werden gemeinjdaftlic) einen Unterhaltungs-

abend am Gamstagabend, den 12. Septeme- |
";tesseract;5;2024-09-24 01:30:40.117576;2024-09-24 01:30:40.117579
6;" 

Det Gemeindebote

Mitteilungsblatt fir die evang.luth. Gemeinden ju Novo Ham
os $a0 Leopoldo und Campo Bom

burao, ,

 

ae

 

 

 

Auguit 1936 +

 

Te. 1 |

| ‘Ceit[prud. ee

 

dt) Glaube, darum rede id.""

pj. 116, 10.

 Diele Worte des Pjalmiften David find

jedem walren Chrijten aus dem Herzen
gejprodjen. David war ein glaubiger ten)dh,

ein Kind Wottes, ein Mtann nad dem

Herzen Gottes. Der in feinem Herzen
wohnende Olaube veranlapte ifn gum Re-
den, Zum Befennen, 3u guten Werfen.

Denn wo Glaube, da Liebe. Wahre Chri-

ften jpredjen mit den WUWpolteln Petrus und
 Sobannes: ,,Wir tonnens ja nidt lalfen,

Dak wir nidt reden follten, was wir ge:

jehen und gehirt haben.” Wpoft. 4,20.

Wenn ein Menfd durch irgend ein Heil-

mittel von jeinen Leiden bejrett worden
ijt, wird derjelbe nidt jeinen Leidensgeno}-

jen jeneS WMtittel anpreijen, wo immer fid

Die Gelegenheit dazu bietet? Wer dariiber
Jdhweigen wollte, das wire ein veradjtungs-
wilrdiger Vienjd, und doc) fonnen ivdijde

 

Dein Wort, o Herr, lag allweg fein
Die Leudhte unjern Siigen, |
Erhalt es bei uns klar und rein,
Hilf, dah wir draus geniefen
Kraft, Rat und Troft in aller Not,
Daf wir im Leben und im Tod
Beftdndig darauf trauen!

 

(Lied 178, 9.)

Heilmittel die Ntenfden nuv von einenr
seitlidjen Leiden befreten. Cpdter muk

der Mtenfd) dod) fierben. UWnd gegen den

Tod ijt fein Kraut gewadjen. Wir Chri-
jten aber fennen eine Mtedizin, die die Pten-
Jen vom ewigen BVerderben befreien und
ewig felig maden fann. Das ijt das fiige
Evangelium von der freien Gnade Gottes
in Seju Chrijto. Die darin enthaltenen
®iiter haben wir durd) den Glauben an
Sejum Chrijtum in Belik genommen. ,, Wer
da an den Sohn glaubet, der hat bas ewige
Leben.” “Soh. 3,386. pege
Unjere Geelenfeinde Gatan, Welt und
Pleijd wollen uns nun den Glauben neh-
men. tur durd) Gottes Vtadt werden
wir im Glauben bewahrt zur Geligfeit.
Gott will uns nun durd) dielelben Mitel,
durd) welde er uns zum Olauben gebradt
hat, aud) im Glauben erhalten, durd) Wort
und Gaframent. €s fann fein Wten}d
zum Olauben fommen, im Glauben bleiben

 

 

P igar ja EVANGELICA LUTERANA DOB: <5 |
 tnatitute Aistérico Eos
i a Ne i ee LN Gite = 4p p; ¥ :
";tesseract;6;2024-09-24 01:30:56.346688;2024-09-24 01:30:56.346691
7;"Nr. 3

Hiermit gebeten, fid) 3n Beginn des neuen
Sahres dod) anzujdlieken. Wile jollen und
wollen dod) mithelfen, dak unjer ndd)jtes
welt im September wenig}tens ebenjo gut
oder bejjer ausfallt, nidt wahr?

Allen denen, die gum Gelingen des Feltes
mitgeholfen haben, jet Hiermit der Dank
Des Frauenvereins ausgelproden. Sugletd)
jind alle Gemeindeglieder wiederum Herglid)
gebeten, aud) am nddjten Felte jid) wieder
mit pajjenden Gejdenten 3u beteiligen.

Aufruf
an die Gemeindeglieder.

Mir find Glieder der treulutherijden
Rirdhe der Welt. Gottes Wort wird unter
uns rein und Lauter gepredigt und die Sa-
framente werden der Cinjebung Chrifti
gemaj verwaltet. Bedentli Ou das aud)
recht? Weikt Du, dak Dir Gott damit eine
bejondere Wunade Hat wiederfahren la}jen?
St Dir deine Kirde lied? wreujt Du Did
nit, dak Du ein Glted der redjiglaubigen
Kirche bijt? Dd hoffe, dak Du darauyj
ja jagen wirjt Jtun bedenfe: Das was
man liebt, das jhakt man aud. Das ijt
US aud etwas wert. Wir wollen uns
als Chrijten dod) nidjt von den Weltfindern
bejdhame: Lajjen! Wieviel Geld gibi die
Welt fiir unniige, ja fiindlide Dinge aus!
Sollten wir nidt wenig}tens ebenjoviel ge-
ben fiir die Crhaltung und Wusbreitung
unjerer Kirdhe? — Wenn daher Dir die
 Zeidhnungstarte von dem Sajjierer vorge-
legt wird, dann lay nidt den alten Wdam
in Dir 3u Worte fommen. Lap vielmehr
Den neuen Wtenjden, der durd) den Glau-
ben in Div wohnt, 3ur Geltung fommen.

Zeidne dann nidt jowenig als modglid),
Jondern joviel als miglid. Somme nidt
mit allerlet Ent}huldigungen! Wud) wenn
Du arm bijt, fannjt Du geben. Frage
Did, ob Du Dich nidt Jonjtwo etwas ein-
Fdhranten fannjt, damit du etwas mehr fir
Deine Kirche tun fannjt! UWnjere Gynovde
hat uns bisher reidlid) unter|tiigt und will

Der  Gemeindebote

es aud) nod) weiter tun.

“uns DdDringen, reidlicd) 3u geben.

Seite 3

Wher jie will —
wijjen, ob aud wir unjere Bylidt tun.

Wir jollten nicht eher das Bittge)ud) unter=

|dretben, als bis wir uns vergewi)jert ha-
ben, dak wir wirtlid) nist mehr tun fon-
nen fiir die Erhaliung des Heiligen Bre-
Digtamies. Wir haben YWrme unter uns,
Die vielleidht nicht mehr geben fonnen. Wir
haben aber auch jolde, die bet einiger Wn-
jivengung mebr geben fonnten. Sa, wir

haben auch) Reiche, ote mehr geben Jollten.

Diirjten die es zula}jen, dak ihre Gemeinde

nod) immer in dem Make unterftiigt wiro, —

wie es gejdieht? — tan jdhaue daher .

nidt auf andere, ob die thre PByidt tun

oder nidt. Cin jeder bedente, dak er einjt

por Gott Reden)dhajt abaulegen hat aud)

liber das Weben. Die Liebe Gottes muR —
Wer wirt-
lid) den wahren Herzensglauben an den
Heiland Hat, der beweiljt jeinen Glauben —
aud) im froblidhen Oeben. |

Der treue Wott gebe 3u Minletelt aPellen |

aud) das Bollbringen!

Hleinere Mitteilungen.
Wm 15. Movember ftarb Herr Jorge
Wauhs im Wer von 74 Jahren infolge
eines Blajenleioens. Cr war einige Jahre
Borjteher unjerer St. Baulusgemeinde 3u
Novo Hamburgo, deren Ptitbeqriinder ev —
aud) mar. ls Borjteher jtand er mit
Geldhie und Cifer der Gemeinde vor, deren

Wohl ihm bis gulekt am Herzen lag. Wohl —

vorbereitet auf den Tod nahm ihn der
HErr nad |Qwerem Leiden aus diejer

eitlichteit, wie wir zuverjictlid) hoffen, in

Die Jelige Cwigleit. — Sein UWnodenfen bleibe
unter uns in Chren!

—

Nach vorhergegangener ‘Briifung Haren
am 6. Dezember 6 Kinder (2 Knaben und |
4 Niddden) fonjirmiert. Shree Jtamen
Jind: Lothar Mtidel, Sulto Wrmindo Sdil-

ling, Woa Lydia Cardia, Noemia Haag,
Ercilda Petronilla CIR und Wtartha Kon--
";tesseract;7;2024-09-24 01:31:14.821343;2024-09-24 01:31:14.821347
8;"Le ee

Der Gemeindebote

—«“Mitteilungsblatt fix die evang-luth. Gemeinden zu Wovo Hamburgo, :

$40 Leopoldo und Campo Bom

Sabrgang 2

Dezember 1936 Tr. 3

Leitjprud.
Yun, Jeju, chau, ich gebe

 

Caffet alles efrlidh und ordentlic) 3ugehen!"" 1. vor, 14,40.

Gin weltlides Spridjwort lautet:
Ordnung ijt das halbe Leben. Un-
ordnung ijt ein bojes Ding. Das
lehrt ja uns Die eigene Erfahrung.
Ordnung ijt die regelmakige Cin-
ridtung Der Dinge. Dak jedes Ding
an jeinem Orte jic) befindet, bringt
allen CGaden eine woblan|tandige
ierlidfeit und erwedt Bergniigen.
®ott jelbjt ijt nidt ein Wott der
Unordnung. Cr Hat alles weislid
gejdatfen und ordentlid) eingerid)tet.
Wiles erfiillt jeinen 3wed. CSolange
die Welt fteht, vollzieht jid) alles
nad) beftimmten von Gott in die
Natur gelegten Geljeken. —

So will Gott aud pobre dap

nN emneeee

een ett —-
IGREJA EVANG ELICA «

dur Wohnung oir mein Her3;
tit Seel und Geijt id) lebe
Sum Dienft in Leid und Schmerz
Dir ein3ig und allein.

Ad) Romm und mid) erfreue

Wit deiner Lieb nnd Treue!
fak mid) dein eigen fein.

 

(Lied 33, 4.)

in Jeiner Gemeinde und Kirde Hier
auf GCrden, in Der Mrijiliden Orts-
gemeinde, alles elyrlic) und ordentlic) ©
augehe. Itad) jeinem Willen follen
Die Chrijten das then allen verlte-
Hene heilige Priejtertum oder Wmt
Der Sojliijjel in der Weije ausridten,
Dak fie jic) 3u Gemeinden zujammen-
\cjlicken und Dem Yajtor als Dem
berujenen Diener Chrijti die Werke
ihres Wintes zur Verwaltung tiber-
tragen, Damtt er Diejelben ausridte
in item Jamen uud Wuftrag. In
Ser Gemeinde jelbjt joll qute sucht
uid Ordnung herrjden. Wird don
in einem weltliden Verein auf Sucdt
und Ordnung gebalten, jo muB das

OW eee: PR een ta oo

WIERANA GL - .

Instituto Alstérico
| Matar Sy ors 9, we sph
";tesseract;8;2024-09-24 01:31:31.111104;2024-09-24 01:31:31.111107
9;"Der Hemeindebote

Nr. 2

Seite 3

ben Opfer, Opfer, Opfer zu bringen jitv
Goites Reich, nicht bloB das, was wir brig
haben, Die Liebe Gottes dringe uns! ,, Vaffet
uns GuteS tun und nicht mide werden""!

Suer Seeljorger.

Hausandadyten.
Liebe3 Gemeindeglied, wieoft fpeijeft ou

detiten Veith am Sage? Du antwortelt: ,, Mun, -

wenigftens dreimal! Mtandhe effen auc) ofter.
cya, effen tt notig. Der Leib mu regelma-
Big jetne Nahrung haben, wenn der Wtenfdh
ftarf und gejund bleiben joll. Wher Haft du
nicht aud) eine Geele? Yun, jo wife, aud
Deine Seele muh gefpeift und gendhrt wer-
den. Sonjft verfiimmert fie, ja fie verdirbt,
Und dag ift viel, unendlid) viel fchlimmer,
alS wenn der Leth verdirbt. Wenn die Geele
verDirbt, bann ift der Mlenfd) erwiglic) ver-
foren. Weldhes ift denn die Spetje oper
das Wetttel. wodurd) die Geele gendhrt und
por dent ewigen BVerderben bewabhrt wird ?
Dies Weittel, dieje Geelen|perje, ift das Wort
Goties. Bon dtelemt Wort Gottes jagt Vez
jus Chriftus: ,, Selig find Ddte das Wort
Gottes Hiren und bewahren!“ uf. 11, 28.
Das Wort Gottes zeigt uns unfere Sinde.

Gs zeigt uns aber aud unjeren alleinigen -

Herland, C8 zeiqt und fagt uns, wie wir
arme fimbdige Wtenfdhen vor Gott geredt
und jelig werden. G8 bringt uns zum Glau-
ben und eS erhalt uns tm G@lauben. Gs
bringt uns in die ewige Geligfeit. ©, foll-
ten wir dies Wort nicht lieben und fleibig
boren, fejen und fernen? on dtejem Wort
Gottes jagt die Schrift: ,,Laffet das Wort
Chriftt unter euch reichlich wobhnen!” Rol.
3, 16. Nicht nur in der Schule und Kirche
jolle wir das Wort Gottes hodren und ler-
nen, Mud im Hauje joll Gottes Wort unter
uns wohnen, Gin Hausvaier joll dafitr for-
gen, baB femme amilie den ganzen at Got-
(eS 3ur Geligfett weiB. Wie Herrlid it e3
Da, Wenn ut einem Chrtjenhaje reqelmapig
jeden Sag ein Abjdnitt aus der Bibel und
eine Andacht aus einem Andachtsbuche ge-

lejen wird und dann auch gemein|dhafilid
gebetet wird. Da hat der lrebe Hetland, da
haben die lieben Engel gewik ihre greude
Daran. Und du, lieber Chrijt, Haft den qrdp-
ten Gegen danon. Deine Crfeuninis wadft,
dent Glaube wird geftartt. - Golde Haws-
audadten in Deimem Hauje etnzuridten, bie-
tet tid) div jet eine ihine Gelegenhett. Unz
fer BerlagShaus gibt fiir 19388 einen Wn-
Dadtsfalender heraus nut ctnem Btbellele-
plan und tiglthen Hausandadien. Bitte,
fauje dix fold) einen SRalender bet detmem
Paftor und fies die Andadten und Betrach-
tungen im Rreije deiner Familte. Ou mirft
e8 nicht berenen. BVerjuch e$ nur! Und Gott
jegne dein Vorhaben!

Kleine IWadhridten.

1. Unfer Frauewbereinsfejt fand am
12. Geptember bet fdinftem Wetter ftatt.
ES wurden von den Gemeindegliedern Ge-
fhente im Wert von etwa 600 Mitilrets ge-
ftiftet. Der Reingewinn betrug 907$900,
etita ~350$000 wentger als tm Borjabr.
Allen Gliedern, fowie auswartigen Gajften,
Die 3umt gute Crfolg des Fefteds betgetragen
haben, fet beftens gedantt.

2. Die Frauen unjerer Gemeinde haben
eine Whendmnahlsfanne im Wert von
165$000 gefauft. Diejelbe wurde von der —
wirma Abramo Cherle & Cta. in Caytad
durd unfer Berlagshaus in Porto Wleqre,
Die Caja Bublicadora Concordia geliefert.
Holgende Frauen haben Crtvagaben gegeben:
Amalia Thin 50$, Helma Konrath 35$,
Krieda oth 20$, Elia Konrath 20%. Aus
Der grauenvereinsfalje wurden 40$ genom-
met.

3. Dte gejamte fonfirutierte BSugend
der Gemeinde Novo Hamburgo wird herg-
lich und Dringend eingeladen, jeden 4. Gonn-
tag im Mtonat gu einer Sugend3zujammen-
funft am Nachmittag gu erjdeinen. G8 wer-

‘Den belehrende Bortrage gehalten, Lieder ge-

jungen und Gedichte vorgetragen. Liebe Yu-
ged, wir wollen eud) behilflic) fein, euver
";tesseract;9;2024-09-24 01:31:49.458280;2024-09-24 01:31:49.458284
10;"Seite 2

nicht, dak jeder geben fann, was er will.
G8 barf nicht einer fagen: , Wenn daS Ge-
ben freiwillig ift, Dann gebe id) einen Vitil-
rei8 oder gar nur einen Zoftao. DOamit
mup die Gemeinde Dann auch zuyrieden fein"".
Wer jo denft, der bHeweift damit, Da er
iberhaupt fein Chrift ift. Cr fpottet damit
feineS @ottes. Seder foll nad) Gottes Wort
nod) allen Rraften und Bermbgen geben,
—d. b, die Reidjen follen viel geben, die Wr-
men wenig, jeder joviel er fann. Beim Geben
fiir Gottes Reid) foll fic) ein Chrtft nicht
yom alten Wdam, fondern vielmehr vom
Geijt Gottes,
ihm mobnt, regieren lajfen. ,Ginen frodhli-
chen Geber hat Gott lieb“. 2 Kor. 9, 7.
Wie den Gemeindegliedern befannt tft, mup
unfere Gynode noch eine betradtlice Sum-
me Unterjtiigung umerem Bjarrbezir£ guter!
werden fajjen. Und jedes Sahr miiffen die
Gemeinden das Britgejudh um Unterjtiigung
unterjdreiben und einjenden. Gollten wir
nidt alle da einmal uns ganz ernjtlich fra-
gen, ob wir nidt ovrel mehr geben fonnen

als wit bisher gegeben haben, damit dod

mit jedem ahr die Unterftigung geringer
wir? Wir miiffen auch finangiell vorwarts-
fommen, jedeS cyahr etn wentg weiter, bts
wir endltd felbjtindiq find. Weldhes gute
Gemeindeglted wollte das nicht wiinjdhen!
nich”, bdre id) da manfchen jagen, , td
modte jon gern mehr geben, aber th fann
nicht! tein Cinfommen ijt gering und
reicht faum hin, meine Samilie 3u erndh-
ren.“ in anbdever jagt: , Warum follte th

mehr geben, wenn ic) jehe, dag emer, Der

reider tft al th, auch nicht mehr oder wohl
gar weirtiger gibt?"" Und wieder ein anderer
(und ein jolcher Yutheraner folite fich jda-
mein) jagt: ,, Wenn id) mehr bezahlen foll,
Dann trete tc) aus."" Und andere mogen
wieder andere Griinde vorbringen. C3 iff
wahr, mande unjerer Glieder find jo arm,
bap fie vielleidht nidt mehr tun founen.
YAbher die metiten foOnnten. das mug Hierein-
mal ganz etndritclid) gefagt werden), mehr
geben, wenn — ja wenn fie nur ernjt-
lid) wollten. Liebe Gemeindeglieder, ¢3 tft
gang ent}dteden guwenig, wenn pro Ptonat

Det ®Hemeindebote

ver durch den Glauben in

Nr. 2

nur 1$ oder 2$ gegeben wird! Das fol
genug fein fiir Gcule, fir Gebhalts-, Ge-
meinde= und PitiffionSfajje? Das ift viel gu
wenig fiir die allermetften! Wir miijfer
mehr fiw, jonft fann dad Hf, Bredigamt
in wnferer Mtitte nicht aufrechterhalten wer-
den. CGonft finnen wir das Bittgeiud an
Die Gynode nidt mit gutem Gewiffen un-
ter{chretben, Bedenfen wir dod, was der
Raufwert pon 1$ oder 29 heute ift! Was
fauft man heute dafiir? Was wollen wir
einft am Siingften Lage dem Weltenvichter
fagen, wenn wir Jiechenjdhaft ablegen miifjen
iiber unfjere Beitrage fiir Goites Reich ?
Rannft du, liebeS Gemeindeglied, e8 einft
berantworten, wenn du, Der Du ein rez
gelmagiges Ctifommen haft, ja wohi gar
au den Wohlhabenden gehdrjt, uur ein paar
Miilrets gegeben Haft als Bettrag fiir deine
Gemeinde, wo du ganz leicht das Doppelte,
eiinffache, Behnfade oder gar Hundertfache
geben fonnteft. Lat uns Dod nicht dDarauf
jefe, dag man in faljdglaubtgen Gemein-
ben eine fefte Save begitglich deS Beitraacs
verlangt, weil man das chriftliche Seven
Dort nicht fennt! vakt uns widt auf andere
jeben! Wenn die thre Wflicht nicht tun, und
nicht reidhlic) und nad) Vermigen fitr Got-
teS Hetc geben, jo midge fte es etuft vor
Gott verantiwerten. Wir wollen uns als
tener  erldfte Kinder Gottes der PBflidt be-
wut jen, ote wiv alS Cbhriften 3u eriiiflen
haben, und dte wir nicht geswungen, rondern
gern tun wollen, weil wir eren Rinder Got-
teS find. — Wenn dir die Beidhenlijte vor:
gelegt wird, dain bejpric) Dic) uti mit
Detntem alten Wdam, Der geigiq und ‘vrgen=
voll iff und nicht geben will. Frage dich
ganz ernfilid; , Was ann tc tun fiir meine
Gemeinde und Rirdhe 2“ Bitte aud) Gott,
ba er Dir redtes GotteSvertrauen gibt, daz
mit du nidt jowentg als mobglicd, jondern
jovtel als miglic) zetchneft. Und was du
zetcneft, Das entridte regelmapig. — Unt
nun, hebeS Gemeindeglted, surne mir nicht,
Dag td einmal gelagt habe, was ich als
Baftor 4u jagen habe. Wher es rte dock
gejagt werden. Der liebe Gort gebe, dab
wir alle doch endlid) einmal lernen mit Freu-
";tesseract;10;2024-09-24 01:32:08.677903;2024-09-24 01:32:08.677907
11;"Seite 4

Turnunterridht nicht teilnehmen. — Unjere
Sdule hat aud dieles salt wieder an
der Feier ,Unjeres Tages” am Cinwan-
Derungsdentmal teilgenommen.

Hleinere Mitteilungen.

Die Gemeinden 3u Gao Leopoido und
Campo Bom jind zu dem Yrauenver-
einsfejt am 18. ee freundlidjt
eingelanen.

Wn 2. Wuguft aie in der St. Paulus-
gemeinde die Wiedervereinigung sfeter
aller in diejer Gemeinde in den lebten 10
Sahren Konfirmierten jtatt. Bon den 60
Konjirmierten waren 34 erjdienen. Leider
mute fejigeltellt werden, dak 20 ihr Kon-
firmationsver|preden gebrodjen haben und
von uns abgefallen Jind. 33 befinden Jid)
nod) in unjerer Gemeinde, 6 in anderen
unjerer Gemeinden und eine it gejtorben.
Es war eine erhebende eier, bet welder
aud) das Hl. Whenomahl gefetert wurde,
an weldem fic) alle anwejenden Ronfir-
‘mierten beteiligten. Das Viotto des Lages

war: ,, Halte, was du Halt!"" Wn der Vad

mittagsfeier Des Sugendvereins haben Lei
Der nidt viele teilgenommen.

Wm 19. Suli wurde in der Hamburger
Gemeinde das Erntedantfejt gefeiert.
Die Kollefte war fiir die Studententalje
bejtimmt. Wn alle Ronfirmierfen wurden
—Extrafuverte verteilt mit der Bitte, eine
Gabe fiir unjere jo bediirftige Gtudenten-
fajje dDarzuretden.  WUWlle diejenigen, die bis-

~ ber ihre Gabe fir diejen Bwed nod) nicht

abgegeben haben, midgen es dod) bald tun,
Damit die Gammlung abge)dlojjen werden
fann. Dies gilt auc) von den Gliedern zu
S. Leopoldo und Campo Bom, wo eben-
falls das Erntedantfe}t ourd) ee Oottes-
piers gefetert wurde.

 

Um 21. Bunt fam es in Campo Bom

Det Gemeindebote

bejudht.

aur Griindung der Cvang-Luth. Friedens-
gemeinde.

angejdlojjen. Die Vorjtandswabhl ergab:

Heinvid) Robert Weber, Prajident; Woam =

Hans, Schriftfiibrer; Heinrid) Winter, Kaj-
jier; Schulvorjteher; Carlos Bwet}dh, Otto
Woolf Diefenthaler. Herr Swet\d) jdentte

‘der Wemeinde ein Stiié Land von 50 zu —

50. MWteter. — Die Sammlung zur Unter-
tiikung Diejer nod) |cwadhen Gemeinde
ergab bisher rund 50%. Wer gibt nod)
etwas und Hiljt jo Oottes Reich jordern?
Der Gemeinde erwadjen ourd) ndtige Sdhul-
einridtung, Regijirterung ujw. grdkere Wus-
lagen. — Die Gemeinde)dhule, welder Leh-
rer Ott vor}teht, zablt nun don 22 Stin-
der. — Mit einem Gemifdten Chor wurde
begonnen und mit einem Ssugendverein foll
demmndd)t begounen werden,

Seden Mtittwodnadmittag unterridtet der
Vajtor eine Wnzahl Kinder der Gemeinde
Sao Leopoldo th Deuttdh Lejen und |
Sdreiben, Singen und Religion. Wuker-
Dem werden 4 Kinder fiir die Ronfirma-
tion vorberettet. Letder wird von einigen
RKindern der Unterridt jehr unregelmapig
Ginige, die ihre Kinder nod) ntdt
}dhicen, werden gebeten, dies dodj 3u tun.

Ylle diefenigen, dte Lejer firdhlider
Seitldriften Jind und dite Lejegebiihr
fiir das loufende Sabhr nod) nicht entridtet
haben oder gar nod) langer im SRiid)}tande
Jind, werden gebeten, dod) redt bald dies
3 begleidjen. Der Pajtor hat den Betrag
Jdjon lang}t auslegen milffer.

 

 

 

Unjer | Suthertalender"" wird balo wieder
2u haben fein. Bejtellungen dafiir werden
jekt |chon gern entgegengenommen. Diejer
Kalender gehirt in das Haus jeden Ge-
metmpeqtienes. Gr ijt es wert! |

(ee Veraest nidjf, ant 12. und 13. seotentiee
sum Srauenvereinsjeft ser St. Paulsgemeinde
zu Rommten!

Rerausgegeben von Pajtor €. H. Warth, Wovo Ramburgo.

| Druk: Hans Behrend, Novo Hamburgo.

8 Samilien find derjelben bisher
";tesseract;11;2024-09-24 01:32:26.526312;2024-09-24 01:32:26.526315
12;"Seite 2

Der Gemeindebote

Mr 1

 

Unjere Gottiesdienjte.

Seure Gemeindeglieder! Wir nen-
nen uns Chrijien und unjere Ge-
meinde cine drijtlicje Gemeinde. Wher
Jind wir es denn aud? Fragen wr
uns ernjilid): Dun wir unjere Chri}-
tenpjlidtei jo, wie wir es einjt vor
Gott verantworten fonnen? Cin Chrijt
fein Heipt, aus dem Gejek Gottes
jeine Gilnde erfenten und aus dem
Evangelium unjeren lieben Heiland.
Ein Chrift fein heipt ein Kind Goites
— fein durd den Glauben an den Herrit
ejum Chrijium. Die Sdrift jagt
nun aber: , Wer von Wott ijt, oer
hdret Oottes Wort!"" Soh. 8, 47.
Und allen Bredigern des Wortes Got-
tes Jagt der SHeiland: Wer end
hovet, der Hdret mid, und wer eud)
veradjiet, dev veradtet mid)” Lut
10, 16. Uber den. Veradjter des
Wortes Gottes wird das Urteil ge-
Iproden: ,, Du verwirf}t Oolies Wort,
darum will id) did) aud) verwerfen.""
Ho}. 4,6 Es ijt darum eine Jdywere
Giinde, Gottes Wort nidt hdren und
anzunehmen. €s ijt Giinde, wenn
man die Gottesdienjie nidt Fleipig
und regelmapig bejudt. Daher malhni
aud dev Wpo}tei: ,, Valjet uns nid
verlajjen unfere BVerjammlung, wie
etlidje pfleqen.“ Hebr. 10, 25. Es
fann fein Vten}d) 3um jeltgmadenden
Glauben fommeint und in demfelben
bleiben, der nicht Wottes Wort hart
und lernt. Die Heilige Gahrift jagt
dod: , Go fommt oder Olaube ais
der Bredigt, das ‘Predigen aber durd
das Wort Gottes “ Rom. 10, 17.
Wir werden in der Gdrift (1. Kor.
15, 58 aufgefordert, feji und unbe-
weglid) im Glauben 3u Jet und ime
mer mehr 3uzunehimen im Werk des

 

Herm. Wie finnen wir das, wenn
wir nidt aus Oottes Wort dazu
Kraft, Mut und Trojt jhipfen? Wie
jteht es mit dem Gottesdien|tbejud
in unjerer Gemeinde? Gott fei es
getlagt, es jteht damit fehr traurig!
Biele bejudhen die Gottesdien|te gar-
nidt oder dod Hodit felten. Goll
®Ooties Gegen weiter auf uns ruben,
dann mu es in diejem Stic befjer
werden,

————————— ees

Unjere Gemeinde-
Derjammlungen.

Sit einer ordentliden dhvijtlicen
Gemeinde werden regelmsgige Gee —
meindeverjammiungen abgehalten, in
welden die ftimmberedtigien Gemein-
deglieder, aijo Die Wanner, iber das
Wohl der Gemeinde und Kirde bez
raten. Wie ein redjter Biirger alle-
Zeit Der Stadt Beltes Judht, fo fucyen
gute Oemeindeglieder auch immer das
Bejte der Gemeinde. Wen das Wohl -
und Wehe der Gemeinde gleidgiltiq
lat, der tt fein gutes Gemeindeglied,
ja es ijt jebr 3u bezweifeln, ob er
uberhaupt ein Chrijt iit. Die Chrijten-
gemeinde 31 Serujalem zu der WWpof-
tel Setten wird uns als eine nad-
ahmenswerte Gemeinde hingeftellt.
Den Gliedern diejer Gemeinde gibt
Die Heilige Garift das Lob, dak
jie bejtindig blieben in der Ge-
metn}daft. Ste verjammelten jid
aud oft auger den gottesdien)tliden
Verfammlungen. Cie famen oft 3u-
Jammen, um id) gegenjeitig im Glau-
ben 3u jiarien und aufzumuftern.
Sie bezeugten durd) die Sujammen-
fiinfte, dak fie zujammengebdrten,

dap fie alle einem Stele zujtrebten,
";tesseract;12;2024-09-24 01:32:43.829600;2024-09-24 01:32:43.829603
13;"Nr. 1

jon tithttg dabei, Handarbeiten 3u machen,
bie Dann verfauft werden jollen. Wile Gaben
follten 18 gum 10. Geptember im Pfarr-
haus abgegeben werten. €3 werden folche
Gaden bevorgugt, die int Haushalt notwen-
dig find. Luxusfachen find jchledjter ver-
fauflich. :

lt Das Feft find die Gemeinden, bezw.
Hrauenvereine gu Nova Palmeira und Wrroio
pa Bicca eingeladen, ebenjo das Blasorchefter
und dev Yugendveretn 3u DOois Yrmaos.
—Diefe Haben ihr Rommen bereits gugejagt.
Aud aus Porto Alegre gedenfen Gajfte au
fommen, Die Gemeindeglieder zu S. Leo-

poldbo und Campo Bom werden Hiermit aud)

eingeladen.

Das Felt beginnt am Vormittag des 12.
September mit einem Gottesdienft, ti wwel-
Gem Pajtor Neumann die Bredigt halten
wird. Dev Gottesdienft wird burd) Chor-
lieder Dev gemijchenten Chire von Nova Pal-
meita, Urroin da Bicca, Ooi Srmaos und
Novo Hamburgo verjdinert. Um 11,45
— Ubr wird dann ein Radtogottesdtenft gu hi-
ren jeitl, Dev bon den Herren Heinrid) Thin
und Urthur Konrath begahlt worden ift. Cin
Apparat tft uns zur Verfitqung geftellt wor-
ben. Weittags gibt es SpteBbraten fiir alle.
Fir Gemendeglieder, die freiwillige Gaben
gegebe Haben, joie fiir die beionders ge-
fadenen Gajte ift devjelbe frei. Qtr jonftige
Gafte wird der Preis vorausfichtlic) 2000
betragen, liv Getranfe tft aud) geforgt.
Kaffee und Kuchen gibt e3 ebenfalls. Am
Nahmittag werden dann die Gachen, die
gejtiftet wurden, verfauft und wenn nodtig,
aud) verjtetgert. Wir hoffen, Herrn Wagner
aus Porto Wlegre wieder in unferer Mitte
au haben, der das Verfteigern aus oem By
verjteht. 3 wird ein Schiebftand errichtet,
an weldem die Schitken thre Runt zeigen
fonnen. Cin Hildteich fiir die Kleinen wird
nit febler, Maul und Copiwerfen darf
aud) geiibt werden, ebenfo auc das Regeln.
G8 werden fcine Lreije fiir die Gewinner
vorhanden jein. Bielleidt gibt e8 aud) nod)
andere Zerfireuungen, Dte nicht fiimbdlid) find.
Am Whend wird (vorausfidtlid dtesmal tn
einent Gaale in Alt-Hamburg, der nod) naz

Der Gemeindebote

yoerdert

Seite 3

her befttmmt wird) ein UnterhaltungSabend
qegebert.

Derfelbe wird gemeinjaaftlid von
den Gemeinde zu Yvva Palmeira, Wrroio
ba Bicca, Oorws Yrmaos, Povo Hamburgo
und wabhrjdetnlid) auch Porto Wlegre qegeben
&$ follen vorher Cintrittstarten
verfauft werden. ee ane

Wenn ver liebe Gott uns gutes Wetter
{henit und alle berett find, mutguheljen, fo

hoffet wir aud) diesmal wieder auf einen
guten Crfolg deS Yrauenvereinsfeftes,

 

~— Codesfalle.
Wm 31. Oezember ftarb, wie wir hoffen
im @lauben an den Heiland, hier in Novo

Hamburgo, unjer Gemeindeglied Henrique
Eltz Neto infolge Lungenentziindung. Cr

 

erreidte ein Wlter von 53 Jahren, 9 Peo-

naten und 27 Lagen. — Cinige Tage vor
dem lieben Weihnadtsjefte wurde Herrn Cheo-
bald Wajem und deffen Chefrau Elia, ged.
Géunf, ihr 4 Mtonat und 25 Tage alted
Rind Yuo infolge Darmentgiindung durd)
den Tod genommen und it das himmltjde
Paradies verjegt. — Wm 15. Yanuar gefiel
eS dent Herrn ither Leben und Zod, aus
biefer Beitlidfett in Die felige Cwigfeit ine
folge Darmentziindung gu nehmen Cdela
Woelia Brurel, Kind unfere3 Raffierers

Robert Brurel und Frau delta, geb. Opie.
Sein Alter hatte e8 auf 1 “Jahr, 1 Mtonat

und 2 Tage gebracht. — Win bejonders be-
triibender Gall war der ploplide Tod durd
Grtrinfen deS Mtelfon Ercy Engelfe, der
am 24, february im Wlter von 11 Jahren,
9 Monaten und 15 Tagen fetnen Cltern
Xojé Wendelino Engelfe und Yudith, geb.
Sig, entrviffen wurde. — Wm 11. Metat ge-
fiel eS Dem lieben Gott, dem Chepaar Wfons
Chriftian Lied und Florentine, geb. Biehl,
ift Gipnden Milfon Alfons tm Alter
pon nur 7 Mtonaten und 10 Lagen. wteder-
gunehmen. odesurjadhe war Darmentgin-
dung, 3 | ee

| "" 6, Leopoldo nahm Gott durdh einen
feligen Tod das Kind Therejinha Sally,

‘Tidterlein des Herr Chriftian & F. Ded-
";tesseract;13;2024-09-24 01:33:01.957296;2024-09-24 01:33:01.957299
14;"— Wer it bereit,

Seite 4

 

Brenner, am 25, Oftober infolge Bittigen:
entgindung int Ulter von 13 Jahren, 8 Mto-
naten und 8 Tagen. Cr wurde als erjter
auf dem neuen Friedhojy Der Genteinde He:
ftattet. Ferner verjtard in Campo Bom am
14, Marz da8 Rind Lauri Lorn Kriiger,
Sobhterlein von Carlos Wilfredo RKriiger
und Bertha, geb. Beer. Cs ftarb an Darm-
fatarrh im Wlter bon 1 Jahr und 13 Tagen.

Heine Machricjten.  -

Unjere Radingottesdienjte, weldhe durd
die Gaben unfjerer Chriften unterhalten wer-

 

 

den, werden regelmapig jeden 2. ‘Sonntag.
im Monat vormittags um 11 Uhr iiber die—

— Radioftation Farroupilha gegeben, it, 3. feit
mehreren Mtonaten nur nod in der Landed-

iprace. Unjere Gemeindeglieder jollten, wenn

irgend miglic, dieje Hervlidjen Gottesdienfte
Hiren und aud) de darauf -aufmertjam
machen. Die Radiogottesdienfte find ein
_ herrlicheS DMtiffionSmittel. .
eine Gabe dafiir gu geben?
Der Paftor ift jederzeit devrett, folde entge-
gengunehmen und weitersuleiten. Much follten
folde, die etnen foldjen Gotteddienft gehirt
haben oder davon wiffen, dab andere ihn
dren, died an die Hora Lutherana, Caixa
Poftal 911, Porto Wleqre, mitterlen

Der Religionsurnterricdt, der jeden Meitt-
wodnachmittag in ©Oap Leopoldo voin
Paftor erteilt wird,
folgenden Rindern befucht: WMtartha Caffel,
Raul Kieth, Mildred Rreth, Carlos Gdlu-
jen, Erwin Sdlujen, Plario Limm, Arnaldo
SHhiehlf, Hilda Schiehll, Chrijtiann Sdhtehti,
Gilvia Weber, Helena Rothmann und Olt-
Dia dba Gilva. GS Diirfen und fOnnten yy
med Kinder fommen,

Sn Sao Leovoldo werden des Hfteren
tm Unjhlup an den Gottesdienft Sugenda-
berjamtmlungen abgedalten, bet welder
Gelegenveit der Bajtor belehrende Borirage
an Hand des , Waltherligaboten” Halt. Diefe
rourden bisher von jolgenden jungen Yeuten
REE Emit Caffel, Adolf Caffel, Lucie

Der Gemeindebote

unujerer . Kirche. »

wird gegenwariig von -

Ir. 8

 

Sirf, Saco Ruff, Walter Dedimann, Oscar
Demann, Ridard Merfer, rina ubin,
Wilma Rieth, Hedy SchiehLl Lind Bera Kruje,
Midge eS nur redt bald wieder au einem
blithenden Yugendverein fommen!

wri. Lucie Stuff bat fidh dankenswerter
Weije unjerer Gemeinde 31 SAo Leopoldo

als Organiftin zur Verfiigung geftetlt.

DOer Konfirmtandenunterridt wird in
Jove Hamburge von 13 Kindern bejuct,
von Deven mtehrere etnen sweififriger Un-
tetridjt dDurdymaden. Das ijt fiderlid fehy
zu begriifen und follte vom allen Ronfirman-
ben getan werden, Golde befommen dann
auch wivtlid) -einen qviinbdltchern Untervridt,
Der ifnen gum Gegen fein wird.

Bu Oftern haben fid ‘ N. Hamburgo
Hery WBido Thon und unfere Hilfslehrerin —
aril. Witiva OpiR verlobt. Wir wiinjden
Gottes Gegen auch an diejer Stelle. ae

‘Gir den Bau der Turnhalle des Se-
minars wurden in der Gemeinde ML Ham- —

Os von GOliedern des uCrreveteiy
125$009 gejammelt:- es =
Yn Crutedantfejtgaben i ate. Stu-

dentenfajje famen bisher zujammen ans

Novo Hamburgo 1938$400, aus Gav & eo

poldo 117$900 aus Campo Bom, 529300.

Summa 362$700. Wer feine Gabe nod

nicht abgejeben fat, mobge eS dodj, bitte,

nod nadtraghecdy tun. ,inen frobliden Ge-
ber ""Hat Gott lied"".

In Novo Hantburgo ift mit einer Sonn-
tagSjchufle begounen worden. Derjelben fteht

in WWbmefenheit des Baftors al, Maite

Opig vor. Leider wird diefelbe nod) nicht

bon allen Gemeindefindern befucht, was dod

fein follte. eden Gonntagmorgen tft Gonn-
tags}dule.

‘Wile Gemeindeglieder follten es fid einmal ae
3 ernftlic) iiberlegen, ob fie nicht mit Beginn |
bes nddften ahres mit HauSandadten be- —

ginnen moddten und fid) daber jegt fdon bet
iprem Baftor den Konlordia-Hausandadj= —
ten-RNalender mit einer Betradtung fir
jeden Zag deS ahves befiellen. ,Laljet das
Wort Chriftt unter ed) cenlige spobrren a
fagt die Schrift. |

Herausgegeben von Paftor €. H. Warth, Novo Hamburgo.
Druck: Hans Behrend, Novo Haimburgo.
";tesseract;14;2024-09-24 01:33:20.803955;2024-09-24 01:33:20.803958
15;"Seite 4

Rirde, eurem Heiland, die gelobte Treue zu
politt= =""

A, Serv Paftor Gedrat in Moreira
gibt nun monatlid) ein Blattcjen gur allge-
meinen Belefrung fiir Iuthertidhe Chriften
—feraus. Der Titel deS Schriftdhens lautet
,cmwert de HErrn“. 8 joll 25000
pro Sabr foften. Das ijt e3 aud) wert. Wer
ift bereit, dasjelbe gu beftellen ?

5, Qn Sao Leppoldo ijt an eine Wngabhl
Glieder, die leider nicht 3u den Gottesdienften
fominen, die hergliche Bitte ergangen, i dte-
jem Stic ihrer Chriftenpflicht nadgzufommen.
Mige die Bitte mht vergeblic) fein! ,, Wer
von Wott ift, ver hodret Gottes Wort.” —
Alle Gemeindeglieder, die Kinder ber 6
Sahre alt haben, werden hiermtt gebeten,
Dak ihre Kinder sunt Religionsunterridt, dev
pon nun an unentgelt.id) an den Weittwod-
nachmittagen vont Paftor gegeben wird, gu
jendent. eS

6. Sn Campo Bom wird mun regel-
mapig alle 2 Woden Gottespienft gqehalten,
einmal vormittagS und einmal abends, Un
den Bormittagen wird der Gottesotenft von
einem Gtudenten unjeres Seminars gehalten.
— Die Regifirierung der Gemeindeltatuten
foll num vorgenommen werden.

7, Ginem Regterungsgelek zufolge find

die Gemeinden verpflictet, fiir ire Lehrer oder
jhulehaltenden aftoren 8 PBrogent ihres
Gehaltes an die Caixa de Mpojentadoria
-einguzablen, wie e3 ja auch tn gejdajtliden
Getrieben gefdhefen mub. Die Lehrer mitfjen
ebenfalls 3 Wrozent einzablen.

8 Unfer Biel mug eS fein. tn jedes Far
milicnhaus das Rirchenblatt hinetnzubringen
oder wo man deS Deut}den nicht madtrg iff,
unjer Blatt in der Lanvesfprade, den Wien-
jageive Lutheran.

—— der:«, Waltherligabote”. Unjere Sdulfin-

‘der follten das Kinderblatt lejen. Cs fojten
pro ahr das Rirdenblatt 6$, der Men/.
Lutherano 5$, das JugenPblatt 55, das Kine

Ferausgegeber von Pajftor €. H. Warth, Novo Hamburgo.

Der Gemetntebode

yore

Syn Die Hand unjerer

fonfirmierten Sugend gehdrt a3 Yugendblatt, -

Jir. 2

ee nemeenene icenemas

—Derblatt 1$500. Wer hilft mit, dieje Blatter

au verhreiten ? |

9, Der Lutherfalender fiir 1938 it
angefomimen und ijt im Wfarrhanfe gu haben.
Gr tft dieSmal wteder bejonders gut gera-
ten. Der Kalender, der im 14. Yahrgang
fteht nnd bereits einen grogen elerfreis hat,
bietet eine Mtenge feinen chrijtlichen Lejeftoff.
Wid) findet fich jonft nod allerlet NMiiglides,
Landwirt\haftlihes,  Gelundhertlides
darin. Die Orte, an denen unjere Rirde
in Brafilien und Argentinien arbeitet, find
famt den Woreffen ver Bajtoren und Lehrer
verzeicnet. Wud eine Wugzahl joiner Bilder
enthalt Der Kalender. Der Preis betragt nur
1$600. Der Lutherfalender gehirt in jedes
evangelijd-lutherijdhe Dang.

10. Die Soang-lutherijche Miaclis-
genteinde 3% Dis BrmAos iff, nacdem
fie thren Teil an der alten Kirche an die
unierte evangelijdhe Gemeinde verfauft Hat,
dabei, eine neue fine Rirde mit Turm
und Gloden 4u bauen. elder find der Paftor
und die Glieder unferer dortigen Gemeinre
den Hegkereten und Verleumbdungen der fire-
lidjen Geqner ausgejekt. C3 -ft jehr gu bedau-

ern, iwenn eine Kirche 3u jolchen Mtitieln qreift.

11. Wm 16. Oftober Hat unjere Ge-
mteindejchule ju Nove Hanwburge einen
Uuterfaltungsabend inter Schule gegeben,
Der von den nwejenden nut Betfall aufge-
nomimen wurde. Die fretwillige Kollefte gum
Biften der Schule erqab 41$0900. etder
war der Unterdvaltungsabend nicht qut bejudt.

12. Oa Hery Wxrthur Monrath in
Gitaucia Belha unieren Qugendverein gin
GSpieBbraten eingeladen hat, fo habew wir
Die Ginladung mit Dank angenommen und
gedenfen am Gonntag, den 24. SOftoder,
nad) dem Gottesdienft hingufabhren. 3

13. 8 Ddiirfte vielleiht nicht allen Glte-
bern befannt jetn, dag unjer [teber Borjte-
her Herv Heinrid) Than nnn {don mebh-
rere Jahre Hindurd der PBfarrfamilte das
Brennhols wutfonft geliefert hat. hm jet

aud an Diefer Stelle heralich) gedanft.

Druk: Hans Behrend, Kovo Hamburgo.
";tesseract;15;2024-09-24 01:33:39.317697;2024-09-24 01:33:39.317700
16;"Seite 4

 

mann und deffen Chefrau Olinda, geb. Nae

galhae3, gu fid) in den Himmel. Gs litt
langere Bett an einen Hersfehler. CS wurde

3 xyahre, 8 Monate und 23 Tage alt. Wm
14. Wtirz ftarb eS infolge eines Hergfdla-

ges. — Wm 25. Ypril fiarb pliglich an

etnemt Herz)dhlage Herr Carlos Thevdoro
wi{dher. Cr erveidhte ein Wlter von 74
aabren, 2 Mtonaten und 4 Tagen. Nach
jeitemt unergriinbdlicjen Rat gefiel e3 dem
lieben Gott ebenjo durch einen pligliden Tod
infolge DHevgfdlages aus diejem Yanmertal
gu fid) in den Himmelsjcal gu nehmen Witwe
glorina Philippine DOemann. Cie
brachte ifr Wher auf 72 Yahre, 5 Ntonate
und 5 Lage,

Der Gott alles Trojtes trifte die Hinter-
bliebenen mit der fiiken Hoffnung eines frih=
lichen WWtederfehens DdDroben im Lidt. Er
verleife, dah fie und wir alle bedenfen, dah
aud wir einft fterben miiffen und darum uns
auf einen feligen Zod vorbereiten.

—Uleinere Madhridpten-

Am 15. Auguft findet in Novo Hamb.rgo
das Wiedervereiniguugsfejt der in. der
Gemeinde Konfirmiertn ftatt, wozu aber die
gejamte Sugend Der Gemeinde fonderlich ein-
geladen wurde. Am NXachmittag jfoll eine
bejondere Sugendfeter mit Bortrag, Gedid-
ten, iedern, Wtujifftiiéen uf. ftatifinden.

gortan foll monatlid) einmal an einem

Gonntagnachmittag eine BZujammenfunft
aller fonfirmierten Michtoerhcirateten
jtattfinden. Ote Gemeinde hat tn Erfenntnis
defjen, dak fie als Gemeinde verpflicdtet ift,
fic) fonderlic) auc) der fonfirmierten Qugend
angunehmen, einen Yugendpfleqeaus|dug ge-
wdhit, beftehend aus den Herren Robert
Bruel, Otto Manhs und Frig Chomas,
Monatlich etnmal foll awerfs Belehrung und
Unterhaltung die Yugend fid) verfammeln.
Mige die liebe Bugend dod) auch gu di ejen
Bujammentinjten erjdetnen, — ,

— Anfangs diefes Wtonats ijt mit etner

Der Gemeindebote —

befucdt.
—&S8 wird Unterridht in Deutidh, Singen und

ya

Whendjehile fiir Crwachjene begonnen wor-
den. Da dem Paftor niht viel
Berfiiqung fteht, jo faun nur einmal die
Woche folder Ahenduntervicht erteilt werden.

~Bisher haben fich 7 zur Teilnahme gemel-

det. Wl3 Bettrag wurde $500 Hs. pro
Wbhend bejtimmt. Unter Umftanden fonnen
aber aud) Wusnahmen gemadt werden.

Die Mittwodhnadmittagihule in Sao
Leopoldo wird leider nur von 6 Rindern
&$ foOnnten dod viel mehr fommen.

Hieligron gegeben.

Oie Schule in Campo Bom sa6lt etwa
30 Rinder. Das Schule und Gottesdienft
fofal ijt leider etwas eng. Auch find die

GotteZdtenfte dort durch den Regen jehr be-

emntradtiqt morbden,

Bon unfjerer Kirche wird fiir nacdhftes Jahr
ein Whreifsfalender mit tigliden Andadten
heraus gegeben. Hojfentlid finden anch in un-
feren Gemeinden diejelben einen guten Abjag.

Neben unferen Lutherfalender wird aud
ein Ralender in der LandeSsjpracdhe ber-
ausgegeben. Wer ijt beret, folche unter den
Vujo-Grafilianern Zu verfaufen oder aud)
jelbft einen 3u behalten?

Unjer Sugendverein hat am 17. Bult
in Ganudos und am 7. Auquit im Gaale
de$ Gejangvereins , Bruderbund’ Unterhal-
tungsabende gegeben, dite jehr gefallen haben,
leider aber betde Wale bet fchlechtem Wetter
gegeben. werden muften.

Wie befannt, werden feit einiger Bett von
unferer Kirche iiber Station Farroupitha Ra-
DingotteSdienjte veranftaltet, DOadurd) wird
Gottes Wort und Luthers Lehre in Siidame-
tifa befannt gemacht und ansgebreitel. Die
Bahl der Gottesdienfte ridjtet tid) nad) den
Gabeit, Die fiir diefen Beet eingefandt werden.
Wer it bereit, eine Gabe dafiir 3u geben
oder gar einen Gottesdienft affein gu bezahlen.

Unjere St. Bawlus-Sehule gedentt bald
einen Unterhaltungsabend gu geben. us dem
ErlH3 foll ndtiges Soe inert ange|dafft
rerbdett.

Herausgegebent von Paftor €. H. Warth, Novo Hamburgo.
Druck: Hans Behrend, Wovo Hainburgo.

Beit Zur.

1 Si cain ll a 05 tt yh iis sp Meg
";tesseract;16;2024-09-24 01:33:57.459838;2024-09-24 01:33:57.459842
17;"+ ‘

Der Gemeindoebote
Mitteilunasblatt flit die evatg.-Iuth. Gemeinden zu Iovo ROMY EDD,
$a0 Leopoldo uitd Campo ae

 

Jahrgang 3

®ktober ic
Seitiprud.

te?

 

Seuch mid, 0 Dater, 3u dem Sohne,
* damit dein Sohn mich wieder Zieh’ 3u dir;
dein Geijt in meinem Herzen wobhne,

und meine Sinne und Derjtand regier, ae %

dah id) den Srieden Gottes fdmek’ und fihl,

und dir darob im Herzen fing, und fpiel.

Ein ernjtes Wort an alle
Gemeindeglieder.

Liebe Gemeindeglieder !

Das Jahr neigt fich wieder jetnem Cnde
su, Wenn wir da auf die Latigheit unjerer
Gemeinde in diejem Yahr guriidfblicden, dann
miiffen wir fragen: ,,YWte fteht e8 in der
Gemeinde? Sind wir vom drtsgefommen,
innerlich und duperlth?” Gewif haben wir
mandhe Fortidritte au verszeichnen und Got-
teS Segen war mit ung. Aber, es ift nicht
sit Leugnen, dag eS nod) nicht jo fteht, wte
eS fiehen follte. Seiten wir nur aufrichtig!
G3 gibt nod) viele3 4u flagen. Die Gottesz
Diente werden von gar manchen Gliedern
(Hhleht brjucht. Dasfelbe gilt von den Gee
nicindebderjanntlungen. Das darf nidt fein.
Wer ein rechter Chrijt ift, der hort Gottes
Wort regelmabig und fleiBig. Cin ftimm-
beredjtiqtes Gemeindeglied wahrt feine Rechte
und Pfltadten, dte e3 Hat, indem er zur Ge-
~ meindeverjammiung fommt, unt dort itber
das Wohl jeiner Gemeinde und Kirche mit
Glaubensbritdern gut beraten und 3u bez

Nah rc eget

 

(Lied 265, 2).

{dlieBert. ind wie fteht e3 mit bem Genuf
deS Hl. WbendmahiS? Wd, mance halten fid

Dem Sifd) de3 HErrn fern! Und nod ein

gav wunder Punkt in unjeren Gemeinden ift
daS Geben nach Vermadgen, fir Gemein-
Deztwerte und allgemein firdlide Bwerte.
Criilth mu gejagt werden, dak mand
Gemeindeglieder jehr unregelmapgig geben uid
mit ihren Beitragen, die monatlid) erfolgen
jollen, tm Miidftand find. Das dari nicht
jein. Wie jeder Wrbeiter regelmabig feinen
Yohn befommen mug, fo auc) der Paftor.
Die heilige Gdrift jagt: ,Der untervichtet
wird mit dent Wort, der teile mit allerlet
Gutes, Dem, Der ihit unterricdtet. Srret euch
nidt; Gott lapt fic) nicht fpotten“. Gal. .
6, 6. 7. ,Der HErr hat befohlen, dab, die

das Changeltum verfiindigen, die follen fid
vom Evangelio nahren”. 1 Kor. 9,14. Wir
haben in unjeren Gemeinden | bas |driftge-
mae freimwillige Geben. Wir Haben feine

Tare. C8 Heift bei uns nit: CS foftet fo _

und foviel! le Gemeindeglieder, die_etiwas
haben yu geben (und das find in der Regel
bie Konfirmierten), follen geben nad Vermi-
gent, nacdem ein ae hat. Das heibt aber

IGRE BS EVARCELICA LUTERA Pe. Ae
inatituio Bineatles A.
Peta 2910s | dy Ne Adee TL

 
";tesseract;17;2024-09-24 01:34:14.338509;2024-09-24 01:34:14.338511
18;"Seite 2.

Und felig merden ohne dieje Wtittel der
Gnade. Fir einen Chrijten ijt es etwas
Selbjtverfiandlides, dak ex fletkig und re-

gelmagig die Gnadenmittel gebraudt und —

betet: ,, Herr, jtdrfe mir den Olauben, denn
Catan tradtet Nadht und Tag, wie er dies
Rleinod rauben und um mein Heil mid
bringen mag.” Priife did) red, Lieber
Lejer, ob du im Glauben ftehjt! Wife,
phne Glauben fannjt ou nicht felig werden.
Giehe wohl ju, ob dein Glaube redier
Wrt ijt, ob es nicht vielleidht nur ein Gdhein-
und Heudel-Glaube, Kopfs und Waul-
—Glaube ijt. Wahrer Glaube ijt Herzens-
—glaube. Gr beftehi darin, dak ein Mtenjd
jid) von ganzem Herzen auf Chrijtum und

jein Verdienjt verlagi, daB er jeine Sine
den erfennt und bereut und fid) feines Hei-

Tanbdes freut und troftet.

Ht der Glaube redjter Wrt, dann muk
er aud) zum Wusdrud fommen 3d glau-
be, Darum vede id. Der Glaube mup
durd die Liebe tatig jein. Wes das Herz
voll ijt, des gehet der Wtund itber. Gin
~Chrijt fann fein gleidgiiltiger Menjd fein.
Der in thm wohnende Glaube treibt ihn,
“davon 3 reden, was thn jo gliidlid) mad.
“Ein wmahrer Chrijt wird dabher nid nur
‘alles tun, daR ihm felbjt und feinen Haus-
genojjen das jeligmadende Wort Oottes
regelmapig gepredigt wird, er wird aud)
alles tun, Da andere aud) durd) die Wtit-
tel der Gnade Jejum erfennen und felig
‘werden. Cr wird feine Gelegenheit un-
beniigt lajjen, jetnen Olauben 3u befennen.

Er wird feinen irrenden Madjten belehren,

wird den Spdttern enigegenireten, wird die
Sraurigen und Verzagten trojten, wird
RKirdhloje zu den Gottesdtenjten einladen,
wird Opfer bringen fiir Crhaltung von
Kirhe und Sule und fiir die Wusbrei-
tung des Reides Gottes. Ja, nidt nur
mit dem WMunde wird ein wabhrer Chrilt
jeinen’ Olauben befennen, jondern auc) mit

dev Tat, Joviel in feinen Kraften fteht.

Soldes Befennen mit Wort und Tat ijt

nidt fo leidt.. Der Pjalmijt fiigt daber

_ dbigen Worten voc dies hingu: ,,id) werde

Der Gemeindebote

Nr. 1
aber jebr. geplagt.“  Liebes Iutherijdes

®Gemeindeglied, fannjt Du aud mit David
Jpredjen: Sd) glaude, darum rede id!?

 

 

Unjer Srauenverein.

Wie im vergangenen ahr, fo gedentt
auch DdieSmal wieder unjer Wrauenverein am
12. September fein Stijtungsfelt in gebirh-
render Weije zu begehen. Doch geht diefes

‘Heft nidt nur die Frauen des Frauenvereins
-ettvas an, jandern Die ganze Gemeinde. Die

ganze Gemeinde 3u Movo Hamburgo tft es,
Die eigentlid) dies eft veranftaltet. Der
eyrauenverein, der ja dod) nur da tft, um
Der Gemeinde gu dtenen, lettet diejes Heft
nur ein und trifft Die ndtigen Borbereitun-
gen ©8 wird daher erwartet, dag alle
Gemetndeglieder fit) an ifrentr Felt be-
teiligen. Wlle find htermtt ergeben|t einge-
laden, mit Rat und Tat mitguhelfen. Wlle
werden Herglid) gebeten, doch irgend ettvas
au fdjenfen oder gu ftiften, Damit e$ Dann
verfauft werden fan. Reiner fiehe abjerts
und iiberlaffe den anderen die Wrbeit. C3
geht Dod) zum Beften unjerer Gemeinde.
3 ift dod) den Gliedern der Gemetnde bez
fannt, dag auf unjerem Gemeindeeigentum
nod) eine betradhtlide Gchuld lajtet und die
doch nad und nad) abgetragen werden mup.
Das follte dod) moglichit bald gejdeben.
Seder ehrlice Wtenjd) ijt dod) davauf aus,
dak er feine Gchulden, wenn er jolde hat,
miglih{t bald hegah{t. Die Gemerndejdhulo
mug dod) alle Gemeindeglieder anjpornen,
ihe Miglichjtes zu tun, diefelbe gu verrin-
gern. =o
Cine folde Geleqenheit bietet fitch bet un-
jerem Gemteindefeft. Betur lestpahrigen Seft
war eS uns miqlih, 1:000$000 aus den
Ginnahmen des Feftes an die Schuldentil-
gungsfommiffion der Gemeinde abgufiihren.
Sollten wir nidt alle Krdjte anjpannen, daB
es dieSmal noch mehr wird? C3 ift wabr,
Die Zeiten find nicht dazu angetan, Felte zu
fetern, Uber wenn alle etwas tun und ge-
ben, fo wird Dech etne fine Gumme gue
fjammenfommen. Cine Anzahl Frauen find
";tesseract;18;2024-09-24 01:34:32.726597;2024-09-24 01:34:32.726600
